,,"Population by country/region of birth, Queensland, 1861 to 2006",,,,,,,,,,,,,,,,,,,,,,,,,,,,,,,,,,,,,,,,,,,,,,,,,,,,,,,,,,,,,,,,,,,,,,,,,,,,,,,,,,,,,,,,,,,,,,,,,,,,,,,,,,,,,,,,,,,,,,,,,,,,,,,,,,,,,,,,,,,,,,,,,,,,,,,,,,,,,,,,,,,,,,,,,,,,,,,,,,,,,,,,,,,,,,,,,,,,,,,,,,,,,,,,,,,,,
,,Australia,,,,,,,,,,,,,,,,,,,,,,,,,,,,,,,,,,United Kingdom & Ireland,,,,,,,,,,,,Europe,,,,,,,,,,,,,,,,,,,,,,,,,,,,,,,,,,,,,,,,,,,,,,,Asia,,,,,,,,,,,,,,,,,,,,,,,,,,,,,,,,,,,,,,,,,,,,,,,North America (including Central America),,,,,,,,,,,,,,South America,,,,,,,,,,,,,,,,Africa,,,,,,,,,,,,,,,,,,,,,,,,,,,,,,,,,,,,Other,Born at sea,Total born overseas,Not stated,Total,,Proportion born in Australia,Proportion born overseas
,,Queensland,NSW,Victoria,Western Australia,South Australia,Tasmania,Northern Territory,Australian Capital Territory,Other colonies/ states,Colony/ state not stated,Total Australia,,Christmas Island,Cocos (Keeling) Island,Cook Islands,Guam,Fiji,French Polynesia,Kiribati & Tuvalu / Gilbert & Ellice Is,Nauru,New Caledonia,New Zealand,Nuie,Norfolk Island,Papua New Guinea,Samoa / Western Samoa,Sandwich Island,Solomon Islands,Tokelau,Tonga / Friendly Islands,Vanuatu/ New Hebrides,Other Oceania / Pacific Is / Polynesia,Total Oceania / Pacific Is / Polynesia,,England & Wales,England,Wales,Scotland,Ireland,Northern Ireland,Republic of Ireland,Isle of Man,United Kingdom,"United Kingdom, not stated",Total UK & Ireland,,Albania,Austria,Belarus,Belgium,Bosnia and Herzegovina,Bulgaria,Channel Islands,Croatia,Czech Republic,Czecho-slovakia,Denmark,Estonia,Finland,France,Germany,Gibraltar,Greece,Hungary,Iceland,Italy,Latvia,Lithuania,Luxembourg,Macedonia,Malta,Moldova,Monaco,Montenegro,Netherlands,Norway,Poland,Portugal,Romania,Russia,Serbia,Slovakia,Slovenia,Spain,Sweden,Sweden & Norway,Switzerland,Ukraine,Yugoslavia,Other British possessions,Other Europe,Total Europe,,Afghanistan,Bahrain,Bangladesh,Brunei Darussalam,Burma,Cambodia / Kampuchea,China,Cyprus,East Timor,Gaza Strip and West Bank,Hong Kong,India,Indonesia,Iran / Persia,Iraq,Israel / Palestine,Japan,Jordan,Kazakhstan,Korea (South),Kuwait,Kyrgyz Republic,Laos,Lebanon,Macau,Malaysia,Maldives,Mongolia,Nepal,Oman,Pakistan,Philippines,Qatar,Saudi Arabia,Singapore,Sri Lanka / Ceylon,Syria,Taiwan,Thailand / Siam,Turkey,United Arab Emirates,Vietnam,Yemen,Other Asia,Total Asia,,Bermuda,Canada / British America,Costa Rica,Cuba,El Salvador,Guatemala,Honduras,Mexico,Nicaragua,Panama,United States of America,West Indies / Caribbean,Other North America,Total North America,,Argentina,Bolivia,Brazil,Chile,Colombia,Ecuador,Falkland Islands,Guyana / British Guiana,Paraguay,Peru,Suriname,Uruguay,Venezuela,Other South America,Total South America,,Algeria,Angola,Botswana,Cameroon,Congo,Cote d'Ivoire,Egypt / United Arab Republic,Eritrea,Ethiopia,Ghana,Kenya,Liberia,Libya,Madagascar,Malawi,Mauritius,Morocco,Mozambique,Namibia,Nigeria,Reunion,Senegal,Seychelles,Sierra Leone,Somalia / Somaliland,South Africa,Sudan,Swaziland,Tanzania,Tunisia,Uganda,Zambia,Zimbabwe,Other Africa,Total Africa,,,,,,,,,
,,,,,,,,,,a,,b,,,,,,,,c,,,d,,,e,f,,,,,,g,h,,,i,,,j,k,l,,m,n,,,,o,,,p,,,p,q,r,,,,,s,,,t,,,,,,p,,,,p,,u,,,,v,w,q,p,,x,,,y,z,,aa,h,,,,,,,ab,ac,,,,,ad,ae,af,,,ag,,,ah,,,ai,aj,,ak,,,,,,,,al,,am,an,,,,,ao,,ap,h,,,aq,,,ar,,,,,,as,at,au,h,,,,,,,,,,,,,,,av,h,,,,,,ax,,ay,,,,az,,,,,,,,,,,,,,,ba,,,,,,,bb,bc,h,,bd,be,,bf,,,bg,bg
Date,Year,no.,no.,no.,no.,no.,no.,no.,no.,no.,no.,no.,,no.,no.,no.,no.,no.,no.,no.,no.,no.,no.,no.,no.,no.,no.,no.,no.,no.,no.,no.,no.,no.,,no.,no.,no.,no.,no.,no.,no.,no.,no.,no.,no.,,no.,no.,no.,no.,no.,no.,no.,no.,no.,no.,no.,no.,no.,no.,no.,no.,no.,no.,no.,no.,no.,no.,no.,no.,no.,no.,no.,no.,no.,no.,no.,no.,no.,no.,no.,no.,no.,no.,no.,no.,no.,no.,no.,no.,no.,no.,,no.,no.,no.,no.,no.,no.,no.,no.,no.,no.,no.,no.,no.,no.,no.,no.,no.,no.,no.,no.,no.,no.,no.,no.,no.,no.,no.,no.,no.,no.,no.,no.,no.,no.,no.,no.,no.,no.,no.,no.,no.,no.,no.,no.,no.,,no.,no.,no.,no.,no.,no.,no.,no.,no.,no.,no.,no.,no.,no.,,no.,no.,no.,no.,no.,no.,no.,no.,no.,no.,no.,no.,no.,no.,aw,,no.,no.,no.,no.,no.,no.,no.,no.,no.,no.,no.,no.,no.,no.,no.,no.,no.,no.,no.,no.,no.,no.,no.,no.,no.,no.,no.,no.,no.,no.,no.,no.,no.,no.,no.,,no.,no.,no.,no.,no.,,%,%
,,,,,,,,,,,,,,,,,,,,,,,,,,,,,,,,,,,,,,,,,,,,,,,,,,,,,,,,,,,,,,,,,,,,,,,,,,,,,,,,,,,,,,,,,,,,,,,,,,,,,,,,,,,,,,,,,,,,,,,,,,,,,,,,,,,,,,,,,,,,,,,,,,,,,,,,,,,,,,,,,,,,,,,,,,,,,,,,,,,,,,,,,,,,,,,,,,,,,,,,,,,,,,,,,,,,,,,
7 April,1861,"6,205","3,271",197,4,30,78,. .,. .,. .,. .,"9,785",,. .,. .,. .,. .,. .,. .,. .,. .,. .,31,. .,. .,. .,. .,. .,. .,. .,. .,. .,. .,31,,. .,"8,515",155,"2,493","5,537",. .,. .,. .,. .,. .,"16,7",,. .,. .,. .,. .,. .,. .,. .,. .,. .,. .,. .,. .,. .,56,"2,124",. .,. .,. .,. .,. .,. .,. .,. .,. .,. .,. .,. .,. .,. .,. .,. .,. .,. .,. .,. .,. .,. .,. .,. .,. .,. .,. .,. .,. .,. .,"2,18",,. .,. .,. .,. .,. .,. .,538,. .,. .,. .,. .,119,. .,. .,. .,. .,. .,. .,. .,. .,. .,. .,. .,. .,. .,. .,. .,. .,. .,. .,. .,. .,. .,. .,. .,. .,. .,. .,. .,. .,. .,. .,. .,. .,657,,. .,40,. .,. .,. .,. .,. .,. .,. .,. .,93,. .,. .,133,,. .,. .,. .,. .,. .,. .,. .,. .,. .,. .,. .,. .,. .,. .,. .,,. .,. .,. .,. .,. .,. .,. .,. .,. .,. .,. .,. .,. .,. .,. .,. .,. .,. .,. .,. .,. .,. .,. .,. .,. .,. .,. .,. .,. .,. .,. .,. .,. .,. .,. .,,400,. .,"20,101",173,"30,059",,32.7,67.3
1 Jan,1864,"9,592","6,011",725,25,111,262,. .,. .,. .,. .,"16,726",,. .,. .,. .,. .,. .,. .,. .,. .,. .,71,. .,. .,. .,. .,. .,. .,. .,. .,. .,. .,71,,. .,"17,875",343,"6,084","13,408",. .,. .,. .,. .,. .,"37,71",,. .,. .,. .,. .,. .,. .,. .,. .,. .,. .,. .,. .,. .,102,"4,395",. .,. .,. .,. .,. .,. .,. .,. .,. .,. .,. .,. .,. .,. .,. .,. .,. .,. .,. .,. .,. .,. .,. .,. .,. .,. .,. .,. .,. .,. .,"4,497",,. .,. .,. .,. .,. .,. .,628,. .,. .,. .,. .,249,. .,. .,. .,. .,. .,. .,. .,. .,. .,. .,. .,. .,. .,. .,. .,. .,. .,. .,. .,. .,. .,. .,. .,. .,. .,. .,. .,. .,. .,. .,. .,. .,877,,. .,114,. .,. .,. .,. .,. .,. .,. .,. .,161,. .,. .,275,,. .,. .,. .,. .,. .,. .,. .,. .,. .,. .,. .,. .,. .,. .,. .,,. .,. .,. .,. .,. .,. .,. .,. .,. .,. .,. .,. .,. .,. .,. .,. .,. .,. .,. .,. .,. .,. .,. .,. .,. .,. .,. .,. .,. .,. .,. .,. .,. .,. .,. .,,825,. .,"44,255",486,"61,467",,27.4,72.6
2 March,1868,"23,225",. .,. .,. .,. .,436,. .,. .,"7,699",. .,"31,36",,. .,. .,. .,. .,. .,. .,. .,. .,. .,. .,. .,. .,. .,. .,. .,. .,. .,. .,. .,"1,543","1,543",,"25,441",. .,. .,"8,462","20,382",. .,. .,. .,. .,. .,"54,285",,. .,. .,. .,. .,. .,. .,. .,. .,. .,. .,. .,. .,. .,182,"7,66",. .,. .,. .,. .,. .,. .,. .,. .,. .,. .,. .,. .,. .,. .,. .,. .,. .,. .,. .,. .,. .,. .,. .,. .,. .,. .,. .,. .,. .,. .,"7,842",,. .,. .,. .,. .,. .,. .,"2,629",. .,. .,. .,. .,624,. .,. .,. .,. .,. .,. .,. .,. .,. .,. .,. .,. .,. .,. .,. .,. .,. .,. .,. .,. .,. .,. .,. .,. .,. .,. .,. .,. .,. .,. .,. .,. .,"3,253",,. .,203,. .,. .,. .,. .,. .,. .,. .,. .,322,. .,. .,525,,. .,. .,. .,. .,. .,. .,. .,. .,. .,. .,. .,. .,. .,. .,. .,,. .,. .,. .,. .,. .,. .,. .,. .,. .,. .,. .,. .,. .,. .,. .,. .,. .,. .,. .,. .,. .,. .,. .,. .,. .,. .,. .,. .,. .,. .,. .,. .,. .,. .,. .,,758,. .,"68,206",335,"99,901",,31.5,68.5
1 Sept,1871,"36,412",. .,. .,. .,. .,. .,. .,. .,"10,931",. .,"47,343",,. .,. .,. .,. .,. .,. .,. .,. .,. .,. .,. .,. .,. .,. .,. .,. .,. .,. .,. .,"2,336","2,336",,"26,296",. .,. .,"8,564","20,972",. .,. .,. .,. .,. .,"55,832",,. .,56,. .,19,. .,. .,. .,. .,. .,. .,554,. .,. .,188,"8,317",. .,31,. .,. .,88,. .,. .,. .,. .,. .,. .,. .,. .,. .,. .,43,20,. .,24,. .,. .,. .,18,. .,371,169,. .,. .,20,35,"9,953",,. .,. .,. .,. .,. .,. .,"3,305",. .,. .,. .,. .,274,. .,. .,. .,. .,. .,. .,. .,. .,. .,. .,. .,. .,. .,. .,. .,. .,. .,. .,. .,. .,. .,. .,. .,. .,. .,. .,. .,2,. .,. .,. .,. .,"3,587",,. .,488,. .,. .,. .,. .,. .,. .,. .,. .,215,. .,56,759,,. .,. .,. .,. .,. .,. .,. .,. .,. .,. .,. .,. .,. .,. .,. .,,. .,. .,. .,. .,. .,. .,. .,. .,. .,. .,. .,. .,. .,. .,. .,. .,. .,. .,. .,. .,. .,. .,. .,. .,. .,. .,. .,. .,. .,. .,. .,. .,. .,. .,102,,. .,. .,"72,569",192,"120,104",,39.5,60.5
1 May,1876,"58,773",. .,. .,. .,. .,. .,. .,. .,"12,133",. .,"70,906",,. .,. .,. .,. .,. .,. .,. .,. .,. .,. .,. .,. .,. .,. .,. .,. .,. .,. .,. .,"5,108","5,108",,"36,203",. .,. .,"9,374","24,883",. .,. .,. .,. .,. .,"70,46",,. .,. .,. .,. .,. .,. .,. .,. .,. .,. .,. .,. .,. .,292,"9,889",. .,. .,. .,. .,. .,. .,. .,. .,. .,. .,. .,. .,. .,. .,. .,. .,. .,. .,. .,. .,. .,. .,. .,. .,. .,. .,. .,. .,. .,"3,682","13,863",,. .,. .,. .,. .,. .,. .,"10,412",. .,. .,. .,. .,370,. .,. .,. .,. .,. .,. .,. .,. .,. .,. .,. .,. .,. .,. .,. .,. .,. .,. .,. .,. .,. .,. .,. .,. .,. .,. .,. .,. .,. .,. .,. .,. .,"10,782",,. .,354,. .,. .,. .,. .,. .,. .,. .,. .,394,. .,157,905,,. .,. .,. .,. .,. .,. .,. .,. .,. .,. .,. .,. .,. .,. .,. .,,. .,. .,. .,. .,. .,. .,. .,. .,. .,. .,. .,. .,. .,. .,. .,. .,. .,. .,. .,. .,. .,. .,. .,. .,. .,. .,. .,. .,. .,. .,. .,. .,. .,. .,87,,545,. .,"101,75",627,"173,283",,41.1,58.9
3 April,1881,"86,236","10,071","3,149",64,482,574,. .,. .,. .,. .,"100,576",,. .,. .,. .,. .,. .,. .,. .,. .,. .,325,. .,. .,. .,. .,. .,. .,. .,. .,. .,"6,396","6,721",,"37,39",. .,. .,"9,929","28,295",. .,. .,. .,. .,. .,"75,614",,. .,138,. .,. .,. .,. .,. .,. .,. .,. .,"2,223",. .,. .,340,"11,638",. .,. .,. .,. .,250,. .,. .,. .,. .,. .,. .,. .,. .,. .,. .,. .,. .,. .,. .,. .,. .,. .,. .,. .,. .,. .,. .,. .,. .,"1,778","16,367",,. .,. .,. .,. .,. .,. .,"11,253",. .,. .,. .,. .,379,. .,. .,. .,. .,11,. .,. .,. .,. .,. .,. .,. .,. .,. .,. .,. .,. .,. .,. .,. .,. .,. .,. .,. .,. .,. .,. .,. .,. .,. .,. .,235,"11,878",,. .,464,. .,. .,. .,. .,. .,. .,. .,. .,344,. .,67,875,,. .,. .,. .,. .,. .,. .,. .,. .,. .,. .,. .,. .,. .,. .,. .,,. .,. .,. .,. .,. .,. .,. .,. .,. .,. .,. .,. .,. .,. .,. .,. .,. .,. .,. .,. .,. .,. .,. .,. .,. .,. .,. .,. .,. .,. .,. .,. .,. .,. .,65,,195,632,"112,347",547,"213,47",,47.2,52.8
1 May,1886,"124,074","14,291","6,569",50,"1,236",849,. .,. .,. .,192,"147,261",,. .,. .,. .,. .,. .,. .,. .,. .,. .,700,. .,. .,. .,. .,. .,. .,. .,. .,. .,"10,138","10,838",,"66,015",. .,. .,"19,944","40,401",. .,. .,. .,. .,12,"126,372",,. .,219,. .,39,. .,. .,. .,. .,. .,. .,"2,889",. .,. .,379,"14,232",. .,. .,. .,. .,322,. .,. .,. .,. .,. .,. .,. .,. .,58,. .,. .,24,. .,79,. .,. .,. .,46,. .,"2,787",. .,. .,. .,700,865,"22,639",,. .,. .,. .,. .,. .,. .,"10,491",. .,. .,. .,. .,"1,156",. .,. .,. .,. .,74,. .,. .,. .,. .,. .,. .,. .,. .,"1,092",. .,. .,. .,. .,. .,. .,. .,. .,. .,. .,. .,. .,. .,. .,. .,. .,. .,40,"12,853",,. .,394,. .,. .,. .,. .,. .,. .,. .,. .,449,. .,484,"1,327",,. .,. .,. .,. .,. .,. .,. .,. .,. .,. .,. .,. .,. .,. .,. .,,. .,. .,. .,. .,. .,. .,. .,. .,. .,. .,. .,. .,. .,. .,. .,. .,. .,. .,. .,. .,. .,. .,. .,. .,. .,. .,. .,. .,. .,. .,. .,. .,. .,. .,202,,6,844,"175,081",511,"322,853",,45.7,54.3
5 April,1891,"176,971","17,023","7,462",63,"1,449","1,004",. .,. .,. .,218,"204,19",,. .,. .,. .,. .,. .,. .,. .,. .,. .,"1,117",. .,. .,. .,. .,. .,. .,. .,. .,. .,"9,338","10,455",,"77,187",. .,. .,"22,4","43,036",. .,. .,. .,. .,21,"142,644",,. .,231,. .,35,. .,. .,. .,. .,. .,. .,"3,071",. .,. .,400,"14,91",. .,. .,. .,. .,438,. .,. .,. .,. .,. .,. .,. .,. .,59,. .,. .,25,. .,235,. .,. .,. .,50,. .,"1,955",. .,. .,. .,601,676,"22,686",,. .,. .,. .,. .,. .,. .,"8,554",. .,. .,. .,. .,977,. .,. .,. .,. .,49,. .,. .,. .,. .,. .,. .,. .,. .,"1,171",. .,. .,. .,. .,. .,. .,. .,. .,. .,. .,. .,. .,. .,. .,. .,. .,. .,137,"10,888",,. .,381,. .,. .,. .,. .,. .,. .,. .,. .,427,. .,611,"1,419",,. .,. .,. .,. .,. .,. .,. .,. .,. .,. .,. .,. .,. .,. .,. .,,. .,. .,. .,. .,. .,. .,. .,. .,. .,. .,. .,. .,. .,. .,. .,. .,. .,. .,. .,. .,. .,. .,. .,. .,. .,. .,. .,. .,. .,. .,. .,. .,. .,. .,216,,5,832,"189,145",373,"393,708",,51.9,48.1
31 March,1901,"284,394","24,86","10,272",199,"2,384","1,308",. .,. .,. .,19,"323,436",,. .,. .,. .,. .,60,. .,. .,. .,. .,"1,571",. .,. .,2,. .,. .,. .,. .,. .,. .,"8,815","10,448",,"68,589",. .,. .,"19,934","37,636",. .,. .,. .,. .,. .,"126,159",,. .,229,. .,35,. .,. .,. .,. .,. .,. .,"3,158",. .,. .,364,"13,163",. .,91,. .,. .,845,. .,. .,. .,. .,. .,. .,. .,. .,62,. .,. .,24,. .,454,. .,. .,. .,34,. .,"2,142",441,. .,. .,76,56,"21,174",,27,. .,. .,. .,. .,. .,"8,472",. .,. .,. .,7,"1,288",. .,. .,. .,. .,"2,257",. .,. .,. .,. .,. .,. .,. .,. .,830,. .,. .,. .,. .,. .,218,. .,24,. .,183,337,. .,. .,. .,. .,. .,. .,235,"13,878",,. .,421,. .,. .,. .,. .,. .,13,. .,. .,926,44,254,"1,658",,5,. .,14,8,. .,. .,. .,. .,. .,3,. .,. .,. .,. .,30,,. .,. .,. .,. .,. .,. .,16,. .,. .,. .,. .,. .,. .,. .,. .,101,. .,. .,. .,. .,. .,. .,. .,. .,. .,185,. .,. .,. .,. .,. .,. .,. .,76,378,,. .,634,"174,359",334,"498,129",,65.0,35.0
3 April,1911,"382,216","38,921","15,943",482,"3,348","1,798",28,. .,. .,"3,959","446,695",,. .,. .,. .,. .,143,. .,7,. .,56,"2,576",. .,. .,404,42,42,159,. .,6,207,662,"4,304",,. .,"65,266","2,62","20,53","31,599",. .,. .,157,. .,. .,"120,172",,. .,332,. .,38,. .,9,256,. .,. .,. .,"2,641",. .,. .,333,"11,979",16,262,. .,3,929,. .,. .,. .,. .,43,. .,. .,4,97,685,. .,17,6,795,5,. .,. .,97,"1,054",. .,376,. .,. .,. .,9,"19,986",,11,. .,. .,. .,9,. .,"5,473",11,. .,. .,75,821,323,6,. .,. .,"1,452",. .,. .,2,. .,. .,. .,. .,. .,223,. .,. .,. .,. .,. .,92,. .,7,. .,205,151,. .,1,73,. .,. .,. .,16,"8,951",,12,477,. .,5,. .,. .,2,11,. .,. .,942,116,1,"1,566",,15,1,18,13,1,. .,. .,11,12,6,. .,2,. .,43,122,,8,. .,. .,. .,. .,. .,21,. .,. .,. .,. .,. .,1,1,. .,83,1,. .,. .,. .,3,. .,. .,. .,1,383,. .,. .,. .,. .,. .,. .,. .,25,527,,. .,629,"156,257","2,861","605,813",,74.1,25.9
4 April,1921,"469,185","42,82","15,892",850,"3,175","2,155",116,1,. .,"57,969","592,163",,. .,. .,. .,. .,120,. .,. .,. .,39,"2,949",. .,16,185,23,21,172,. .,11,141,490,"4,167",,. .,"75,486","2,688","23,95","25,725",. .,. .,139,. .,. .,"127,988",,. .,189,. .,61,. .,16,246,. .,. .,56,"2,553",. .,254,349,"9,527",. .,701,41,. .,"1,838",. .,. .,. .,. .,298,. .,. .,. .,313,580,319,12,23,"1,139",. .,. .,. .,270,911,. .,372,. .,84,40,75,"20,267",,11,. .,. .,. .,. .,. .,"3,585",. .,. .,. .,80,917,292,. .,. .,. .,"1,079",. .,. .,. .,. .,. .,. .,. .,. .,181,. .,. .,. .,. .,. .,66,. .,3,. .,175,169,. .,. .,43,. .,. .,. .,187,"6,788",,13,581,. .,�,. .,. .,. .,16,. .,. .,913,82,65,"1,67",,37,. .,11,29,. .,. .,. .,8,4,4,. .,. .,. .,. .,93,,12,. .,. .,. .,. .,. .,58,. .,. .,. .,. .,. .,. .,2,. .,64,. .,. .,. .,. .,. .,. .,. .,. .,. .,553,. .,. .,. .,. .,. .,. .,. .,52,741,,. .,589,"162,303","1,506","755,972",,78.5,21.5
30 June,1933,"686,011","63,293","20,288","1,543","4,489","2,989",255,17,. .,"8,833","787,718",,. .,. .,. .,. .,137,. .,. .,1,24,"4,033",. .,7,329,. .,8,50,. .,8,73,297,"4,967",,. .,"73,645","2,555","24,465","19,482",. .,. .,150,. .,. .,"120,297",,267,208,. .,50,. .,51,185,. .,. .,84,"1,828",113,632,397,"6,983",. .,"1,627",39,. .,"8,355",80,15,. .,. .,962,. .,. .,. .,307,530,304,9,30,"1,418",. .,. .,. .,484,705,. .,429,. .,444,14,18,"26,568",,8,. .,. .,. .,. .,. .,"1,937",145,. .,. .,44,"1,062",108,. .,. .,. .,781,. .,. .,. .,. .,. .,. .,. .,. .,124,. .,. .,. .,. .,. .,55,. .,. .,. .,135,242,. .,. .,33,. .,. .,. .,209,"4,883",,11,676,. .,�,. .,. .,. .,14,. .,. .,862,60,99,"1,722",,47,. .,11,10,. .,. .,. .,8,7,8,. .,. .,. .,. .,91,,11,. .,. .,. .,. .,. .,66,. .,. .,. .,. .,. .,. .,. .,. .,42,. .,. .,. .,. .,. .,. .,. .,. .,. .,641,. .,. .,. .,. .,. .,. .,. .,139,899,,. .,389,"159,816",. .,"947,534",,83.1,16.9
30 June,1947,"868,368","74,283","22,091","2,437","5,014","3,029",507,58,. .,"16,391","992,178",,. .,. .,. .,. .,157,. .,. .,2,31,"3,905",. .,7,303,. .,. .,35,. .,8,32,65,"4,545",,. .,"52,972","1,887","17,484","8,207",995,918,87,. .,. .,"82,55",,333,181,. .,40,. .,28,104,. .,. .,86,968,89,422,193,"3,839",. .,"1,825",48,. .,"8,541",62,21,. .,. .,862,. .,. .,. .,351,344,289,7,30,"1,297",. .,. .,. .,397,334,. .,325,. .,407,8,39,"21,47",,6,. .,. .,. .,. .,. .,905,149,. .,. .,84,959,173,. .,. .,31,55,. .,. .,. .,. .,. .,. .,. .,. .,103,. .,. .,. .,. .,. .,29,. .,�,. .,. .,260,. .,. .,16,. .,. .,. .,155,"2,925",,7,604,. .,1,. .,. .,. .,5,. .,. .,965,40,75,"1,697",,48,. .,12,14,. .,. .,. .,4,4,8,. .,. .,. .,. .,90,,8,. .,. .,. .,. .,. .,64,. .,. .,. .,. .,. .,. .,. .,. .,27,. .,. .,. .,. .,. .,. .,. .,. .,. .,585,. .,. .,. .,. .,. .,. .,. .,59,743,,. .,217,"114,237",. .,"1,106,415",,89.7,10.3
30 June,1954,"1,011,708","93,734","29,531","3,468","6,015","3,754",656,181,. .,"11,548","1,160,595",,. .,. .,. .,. .,209,. .,. .,3,38,"4,612",. .,9,516,. .,. .,. .,. .,. .,18,102,"5,507",,. .,"62,697","2,098","19,066","6,637","1,435","1,018",. .,. .,. .,"92,951",,280,467,. .,108,. .,75,. .,. .,. .,882,805,370,672,460,"6,785",. .,"2,676",893,. .,"16,795","1,179",405,. .,. .,"2,088",. .,. .,. .,"5,232",464,"3,787",21,168,"2,145",. .,. .,. .,533,342,. .,400,944,"1,472",. .,326,"50,774",,. .,. .,. .,. .,. .,. .,"1,347",429,. .,. .,219,"1,078",607,. .,. .,67,121,. .,. .,. .,. .,. .,. .,241,. .,150,. .,. .,. .,. .,105,26,. .,. .,60,159,32,. .,. .,52,. .,. .,. .,270,"4,963",,. .,684,. .,. .,. .,. .,. .,. .,. .,. .,"1,336",52,32,"2,104",,. .,. .,. .,. .,. .,. .,. .,. .,. .,. .,. .,. .,. .,163,163,,. .,. .,. .,. .,. .,. .,264,. .,. .,. .,. .,. .,. .,. .,. .,. .,. .,. .,. .,. .,. .,. .,. .,. .,. .,631,. .,. .,. .,. .,. .,. .,. .,162,"1,057",,. .,145,"157,664",. .,"1,318,259",,88.0,12.0
30 June,1961,"1,164,223","111,002","37,389","4,838","7,6","4,945","1,069",330,. .,"9,673","1,341,069",,. .,. .,. .,. .,322,. .,. .,7,36,"5,77",. .,22,"1,086",. .,. .,. .,. .,. .,26,144,"7,413",,. .,"65,431","1,981","18,137","5,092","1,667","1,021",. .,. .,. .,"93,329",,286,"1,054",. .,138,. .,79,. .,. .,. .,718,"1,159",331,"1,447",438,"8,47",. .,"3,788","1,298",. .,20,"1,083",342,. .,. .,"1,828",. .,. .,. .,"9,556",382,"3,778",20,211,"2,286",. .,. .,. .,"1,128",389,. .,460,826,"2,694",. .,732,"64,921",,. .,. .,. .,. .,114,. .,"2,096",514,. .,. .,364,"1,214","1,068",. .,. .,72,210,. .,. .,. .,. .,. .,. .,270,. .,533,. .,. .,. .,. .,59,50,. .,. .,183,308,18,. .,26,66,. .,. .,. .,247,"7,412",,. .,885,. .,. .,. .,. .,. .,. .,. .,. .,"1,889",42,58,"2,874",,. .,. .,. .,. .,. .,. .,. .,. .,. .,. .,. .,. .,. .,195,195,,. .,. .,. .,. .,. .,. .,399,. .,. .,. .,. .,. .,. .,. .,. .,. .,. .,. .,. .,. .,. .,. .,. .,. .,. .,751,. .,. .,. .,. .,. .,. .,. .,381,"1,531",,. .,84,"177,759",. .,"1,518,828",,88.3,11.7
30 June,1966,"1,248,452","126,669","48,427","5,88","9,207","6,462","1,427",571,. .,"14,734","1,461,829",,. .,2,. .,. .,424,. .,. .,16,39,"7,608",. .,28,"2,063",. .,. .,. .,. .,. .,25,165,"10,37",,. .,"77,655","2,307","18,672","4,465","1,895","1,118",. .,. .,. .,"106,112",,242,"1,164",. .,357,. .,91,. .,. .,. .,797,"1,113",308,"1,491",629,"9,026",. .,"4,397","1,342",. .,"20,272","1,013",326,. .,. .,"2,146",. .,. .,. .,"9,868",391,"3,795",28,228,"2,991",. .,. .,. .,"1,455",437,. .,527,. .,"3,118",. .,641,"68,193",,. .,. .,. .,. .,119,. .,"2,308",659,. .,. .,423,"1,422","1,297",. .,. .,94,377,. .,. .,. .,. .,. .,. .,300,. .,"1,031",. .,. .,. .,. .,82,71,. .,. .,334,434,15,. .,51,75,. .,. .,. .,238,"9,33",,. .,"1,326",. .,. .,. .,. .,. .,. .,. .,. .,"3,281",101,89,"4,797",,. .,. .,. .,. .,. .,. .,. .,. .,. .,. .,. .,. .,. .,310,310,,. .,. .,. .,. .,. .,. .,510,. .,. .,. .,. .,. .,. .,. .,. .,. .,. .,. .,. .,. .,. .,. .,. .,. .,. .,"1,067",. .,. .,. .,. .,. .,. .,. .,"1,095","2,672",,. .,72,"201,856",. .,"1,663,685",,87.9,12.1
30 June,1971,. .,. .,. .,. .,. .,. .,. .,. .,. .,. .,"1,595,572",,. .,. .,. .,. .,625,. .,. .,70,51,"13,333",. .,. .,"3,076",. .,. .,64,. .,51,67,143,"17,48",,. .,. .,. .,. .,. .,. .,. .,. .,. .,. .,"120,595",,231,"1,296",. .,444,. .,85,. .,. .,. .,"1,016","1,489",277,"1,973","1,363","9,496",. .,"4,264","1,372",. .,"19,28",980,342,. .,. .,"1,975",. .,. .,. .,"9,935",453,"3,812",73,230,"1,946",. .,. .,. .,"1,427",614,. .,665,802,"4,271",. .,447,"70,558",,. .,. .,. .,. .,220,. .,"2,289",761,. .,. .,570,"2,149","1,436",107,. .,123,385,. .,. .,48,. .,. .,. .,327,. .,"1,525",. .,. .,. .,. .,143,263,. .,. .,491,657,25,. .,79,143,. .,69,. .,242,"12,052",,. .,"1,781",. .,. .,. .,. .,. .,29,. .,. .,"4,799",204,280,"7,093",,101,. .,66,54,. .,. .,. .,. .,. .,36,. .,6,23,. .,286,,. .,. .,. .,. .,. .,. .,513,. .,. .,. .,. .,. .,. .,. .,. .,102,. .,. .,. .,. .,. .,. .,. .,. .,. .,"1,316",. .,. .,. .,. .,. .,. .,. .,"1,414","3,345",,. .,84,"231,493",. .,"1,827,065",,87.3,12.7
30 June,1976,"1,318,901","172,848","82,817","10,07","16,076","11,195","3,321","1,927",. .,"153,959","1,771,114",,7,. .,33,. .,1,. .,13,47,72,"17,753",. .,55,"6,571",46,. .,93,. .,112,73,95,"25,97",,. .,"105,347","2,983","18,767","6,126","2,212",. .,. .,. .,. .,"135,435",,273,"1,548",. .,533,. .,110,. .,. .,. .,"1,201","1,394",274,"2,189","1,507","10,896",. .,"3,941","1,629",. .,"18,875",916,318,. .,. .,"2,174",. .,. .,. .,"10,683",456,"3,542",138,246,"1,704",. .,. .,. .,"1,727",687,. .,768,792,"5,387",. .,"1,02","74,928",,. .,. .,53,. .,261,17,"2,414","1,031",47,. .,812,"2,515","1,657",92,25,132,489,. .,. .,73,. .,. .,7,535,. .,"2,149",. .,. .,. .,. .,121,467,. .,. .,887,859,31,96,160,155,. .,465,. .,260,"15,81",,. .,"2,613",. .,. .,. .,. .,. .,44,. .,. .,"4,972",439,648,"8,716",,196,. .,82,250,101,17,. .,. .,. .,35,. .,51,26,. .,758,,. .,. .,. .,. .,. .,. .,701,. .,. .,. .,. .,. .,. .,. .,. .,111,. .,. .,. .,. .,. .,. .,. .,. .,. .,"1,751",. .,. .,. .,. .,. .,. .,. .,"1,847","4,41",,. .,50,"266,077",. .,"2,037,191",,86.9,13.1
30 June,1981,. .,. .,. .,. .,. .,. .,. .,. .,. .,. .,"1,932,810",,15,7,73,. .,"1,366",. .,26,61,128,"48,073",. .,31,"7,915",135,. .,171,. .,270,132,133,"58,536",,. .,"115,963","3,099","19,438","5,777","2,806",. .,. .,. .,. .,"147,083",,214,"1,91",. .,647,. .,148,. .,. .,. .,"1,315","1,718",346,"2,471","1,968","12,767",. .,"4,192","1,897",. .,"17,956",919,338,. .,. .,"2,337",. .,. .,. .,"12,914",463,"4,181",221,351,"1,471",. .,. .,. .,"1,726",858,. .,"1,092",768,"6,543",. .,146,"81,877",,. .,. .,85,. .,341,95,"2,773","1,179",32,. .,"1,166","2,938","2,101",149,49,198,624,. .,. .,224,. .,. .,114,689,. .,"2,955",. .,. .,. .,. .,184,"1,405",. .,. .,"1,147","1,26",48,119,286,274,. .,"3,508",. .,231,"24,174",,. .,"3,212",. .,. .,. .,. .,. .,51,. .,. .,"5,275",626,831,"9,995",,259,12,143,411,154,22,. .,. .,19,90,. .,73,40,. .,"1,223",,. .,. .,. .,. .,. .,. .,830,. .,. .,. .,560,. .,. .,. .,. .,220,. .,. .,. .,. .,. .,. .,. .,. .,. .,"3,245",. .,. .,. .,. .,. .,. .,778,"1,629","7,262",,. .,22,"330,172","32,141","2,295,123",,85.4,14.6
30 June,1986,. .,. .,. .,. .,. .,. .,. .,. .,. .,. .,"2,162,995",,32,11,206,. .,"2,369",. .,. .,89,256,"61,246",. .,104,"9,785",429,. .,259,. .,438,175,242,"75,641",,. .,"125,199","3,858","20,416","5,756","3,72",. .,. .,. .,. .,"158,949",,169,"2,26",. .,785,. .,141,. .,. .,. .,"1,696","2,191",294,"2,579","2,391","15,78",. .,"4,048","2,33",. .,"17,418",886,346,. .,. .,"2,536",. .,. .,. .,"14,272",449,"4,843",530,715,"1,255",. .,. .,. .,"2,019","1,019",. .,"1,464",771,"7,544",. .,211,"90,942",,. .,. .,44,. .,395,258,"3,536","1,229",128,. .,"2,332","3,573","2,562",395,79,246,"1,229",. .,. .,318,. .,. .,236,791,. .,"4,317",. .,. .,. .,. .,254,"4,519",. .,. .,"1,818","1,747",63,273,680,352,. .,"6,234",. .,309,"37,917",,. .,"3,962",. .,. .,290,. .,. .,80,. .,. .,"7,395",735,96,"12,558",,411,. .,167,706,222,34,. .,. .,. .,104,. .,102,. .,248,"1,994",,. .,. .,. .,. .,. .,. .,"1,001",. .,. .,. .,731,. .,. .,. .,. .,398,. .,. .,. .,. .,. .,. .,. .,. .,. .,"4,996",. .,. .,. .,. .,. .,. .,"1,394","2,188","10,708",,. .,. .,"388,709","35,611","2,587,315",,84.8,15.2
6 Aug,1991,. .,. .,. .,. .,. .,. .,. .,. .,. .,. .,"2,402,689",,. .,. .,. .,. .,"4,81",. .,. .,. .,. .,"92,064",. .,. .,"11,52",. .,. .,. .,. .,. .,. .,. .,"108,394",,. .,. .,. .,. .,"6,956",. .,. .,. .,"177,943",. .,"184,899",,. .,"3,001",. .,. .,. .,. .,. .,. .,. .,"2,19",. .,. .,. .,"2,866","18,686",. .,"4,378","3,137",. .,"17,851",905,. .,. .,. .,"2,812",. .,. .,. .,"16,613",. .,"6,301",716,. .,"1,888",. .,. .,. .,"1,935",. .,. .,. .,688,"8,951",. .,. .,"92,918",,. .,. .,. .,. .,. .,434,"5,859","1,227",. .,. .,"5,462","4,633","3,387",. .,. .,. .,"6,808",. .,. .,"1,244",. .,. .,537,"1,097",. .,"6,12",. .,. .,. .,. .,. .,"9,56",. .,. .,"2,566","2,637",. .,. .,. .,513,. .,"8,664",. .,. .,"60,748",,. .,"5,37",. .,. .,. .,. .,. .,. .,. .,. .,"9,754",. .,. .,"15,124",,625,. .,. .,982,. .,. .,. .,. .,. .,. .,. .,244,. .,. .,"1,851",,. .,. .,. .,. .,. .,. .,"1,37",. .,. .,. .,. .,. .,. .,. .,. .,636,. .,. .,. .,. .,. .,. .,. .,. .,. .,"6,857",. .,. .,. .,. .,. .,. .,. .,. .,"8,863",,"34,959",. .,"507,756","67,4","2,977,845",,82.6,17.4
6 Aug,1996,. .,. .,. .,. .,. .,. .,. .,. .,. .,. .,"2,585,356",,. .,. .,493,12,"6,141",112,112,112,414,"101,209",60,76,"12,441","2,464",. .,440,66,803,269,. .,"125,224",,. .,"145,042","4,44","22,568","6,998","3,603",. .,111,. .,184,"182,946",,160,"2,793",36,954,"1,509",229,365,"2,949",851,"1,226","2,413",241,"2,744","3,037","18,427",55,"4,28","3,087",59,"16,29",763,324,27,609,"2,778",11,. .,. .,"15,268",526,"5,455",805,"1,49","1,024",. .,261,485,"1,835","1,385",. .,"2,07",814,"5,988",. .,138,"103,761",,258,68,279,125,498,703,"7,302","1,197",. .,78,"6,718","5,863","4,453","1,082",265,363,"5,464",120,23,"2,792",84,. .,798,"1,114",151,"7,579",16,22,101,27,536,"13,193",10,105,"3,642","3,534",166,"7,219","2,293",865,110,"10,998",21,19,"90,254",,95,"5,524",33,62,"2,289",46,27,125,100,19,"9,158",802,11,"18,291",,747,37,416,"1,164",381,53,18,111,31,327,18,381,97,. .,"3,781",,154,31,51,. .,63,14,"1,443",67,155,106,964,. .,66,32,63,890,138,65,51,159,12,45,451,14,83,"8,572",126,23,251,51,170,509,"2,185",162,"17,166",,. .,22,"541,445","120,572","3,247,373",,82.7,17.3
7 Aug,2001,. .,. .,. .,. .,. .,. .,. .,. .,. .,. .,"2,738,370",,. .,. .,"1,086",19,"7,574",157,156,133,438,"127,344",147,72,"12,266","4,096",. .,587,91,971,294,15,"155,446",,. .,"147,085","4,481","22,095","6,914","3,533",. .,121,. .,179,"184,408",,152,"2,876",63,986,"2,924",274,362,"3,635","1,091",. .,"2,405",216,"2,695","3,24","19,115",55,"3,979","2,988",84,"15,197",701,301,30,808,"2,821",14,12,. .,"15,288","1,197","5,226",807,"1,653","1,262",. .,398,538,"1,828","1,652",. .,"2,275",888,"5,458",. .,"1,257","106,751",,510,80,485,205,558,939,"8,848","1,135",484,86,"6,646","7,182","4,639","1,17",628,428,"6,571",146,52,"4,064",144,27,887,"1,122",176,"8,007",24,23,154,62,757,"15,368",13,158,"4,512","3,965",202,"8,419","3,036",921,201,"11,619",36,67,"104,756",,97,"6,036",38,68,"2,338",54,33,194,105,20,"9,997",856,35,"19,871",,846,57,642,"1,307",724,71,20,113,34,373,20,459,144,96,"4,906",,186,42,130,11,83,15,"1,511",87,248,116,"1,115",12,101,45,102,992,151,107,98,225,17,41,433,24,190,"14,353",412,23,267,50,170,616,"3,238",189,"25,4",,. .,25,"601,563","182,108","3,522,041",,82.0,18.0
8 Aug,2006,. .,. .,. .,. .,. .,. .,. .,. .,. .,. .,"2,935,266",,. .,. .,"1,258",41,"8,931",150,191,123,501,"148,753",150,90,"12,566","4,939",. .,678,137,"1,1",343,27,"179,978",,. .,"161,407","4,688","22,433","7,654","3,678",. .,127,. .,263,"200,25",,184,"2,826",75,"1,093","3,278",330,438,"3,856","1,166",. .,"2,528",198,"2,626","3,881","20,094",70,"4,105","2,996",100,"13,993",567,263,28,860,"2,769",29,21,59,"15,231",891,"5,106",916,"1,936","1,609","1,435",435,602,"1,868","1,846",. .,"2,611",947,. .,. .,"4,773","108,639",,840,194,785,366,731,"1,211","15,072","1,132",503,99,"7,846","10,955","5,308","1,742",711,539,"8,592",166,79,"7,63",220,36,"1,041","1,252",211,"9,596",43,28,298,172,"1,161","18,687",40,706,"4,912","4,811",232,"9,53","4,5","1,117",511,"13,088",70,158,"136,921",,100,"7,429",43,94,"2,275",67,35,342,105,37,"12,193",995,34,"23,749",,"1,063",69,"1,651","1,539","1,039",92,13,111,50,581,24,585,225,137,"7,179",,181,55,160,15,166,23,"1,788",144,430,225,"1,472",224,111,52,151,"1,161",186,154,170,348,16,39,467,201,251,"22,72","2,401",42,449,47,305,803,"5,754",499,"41,21",,. .,6,"697,932","271,327","3,904,525",,80.8,19.2
,,,,,,,,,,,,,,,,,,,,,,,,,,,,,,,,,,,,,,,,,,,,,,,,,,,,,,,,,,,,,,,,,,,,,,,,,,,,,,,,,,,,,,,,,,,,,,,,,,,,,,,,,,,,,,,,,,,,,,,,,,,,,,,,,,,,,,,,,,,,,,,,,,,,,,,,,,,,,,,,,,,,,,,,,,,,,,,,,,,,,,,,,,,,,,,,,,,,,,,,,,,,,,,,,,,,,,,
Notes,,"�  Shown as nil      . .  Nil, or not published and included elsewhere. A country might not always be listed separately and may be included in Other Europe, Other Asia etc for certain years. Sometimes an area may be represented but wasn't a separate country at time of census, e.g. Pakistan, and areas that were often regarded as part of Syria (Greater Syria) before WWII.",,,,,,,,,,,,,,,,,,,,,,,,,,,,,,,,,,,,,,,,,,,,,,,,,,,,,,,,,,,,,,,,,,,,,,,,,,,,,,,,,,,,,,,,,,,,,,,,,,,,,,,,,,,,,,,,,,,,,,,,,,,,,,,,,,,,,,,,,,,,,,,,,,,,,,,,,,,,,,,,,,,,,,,,,,,,,,,,,,,,,,,,,,,,,,,,,,,,,,,,,,,,,,,,,,,,,
,,nec  not elsewhere counted      nei  not elsewhere included      nfd  not further defined,,,,,,,,,,,,,,,,,,,,,,,,,,,,,,,,,,,,,,,,,,,,,,,,,,,,,,,,,,,,,,,,,,,,,,,,,,,,,,,,,,,,,,,,,,,,,,,,,,,,,,,,,,,,,,,,,,,,,,,,,,,,,,,,,,,,,,,,,,,,,,,,,,,,,,,,,,,,,,,,,,,,,,,,,,,,,,,,,,,,,,,,,,,,,,,,,,,,,,,,,,,,,,,,,,,,,
,,,,,,,,,,,,,,,,,,,,,,,,,,,,,,,,,,,,,,,,,,,,,,,,,,,,,,,,,,,,,,,,,,,,,,,,,,,,,,,,,,,,,,,,,,,,,,,,,,,,,,,,,,,,,,,,,,,,,,,,,,,,,,,,,,,,,,,,,,,,,,,,,,,,,,,,,,,,,,,,,,,,,,,,,,,,,,,,,,,,,,,,,,,,,,,,,,,,,,,,,,,,,,,,,,,,,,,
,,"To 1991, persons counted in Queensland at census time; from 1996, place of usual residence.",,,,,,,,,,,,,,,,,,,,,,,,,,,,,,,,,,,,,,,,,,,,,,,,,,,,,,,,,,,,,,,,,,,,,,,,,,,,,,,,,,,,,,,,,,,,,,,,,,,,,,,,,,,,,,,,,,,,,,,,,,,,,,,,,,,,,,,,,,,,,,,,,,,,,,,,,,,,,,,,,,,,,,,,,,,,,,,,,,,,,,,,,,,,,,,,,,,,,,,,,,,,,,,,,,,,,
,,,,,,,,,,,,,,,,,,,,,,,,,,,,,,,,,,,,,,,,,,,,,,,,,,,,,,,,,,,,,,,,,,,,,,,,,,,,,,,,,,,,,,,,,,,,,,,,,,,,,,,,,,,,,,,,,,,,,,,,,,,,,,,,,,,,,,,,,,,,,,,,,,,,,,,,,,,,,,,,,,,,,,,,,,,,,,,,,,,,,,,,,,,,,,,,,,,,,,,,,,,,,,,,,,,,,,,
,,"a  Other colonies/states - for 1868, 1971 and 1876, not disaggregated (except for Tasmania in 1868), and includes New Zealand, as part of Australasia; for 1971 and from 1981, not disaggregated.",,,,,,,,,,,,,,,,,,,,,,,,,,,,,,,,,,,,,,,,,,,,,,,,,,,,,,,,,,,,,,,,,,,,,,,,,,,,,,,,,,,,,,,,,,,,,,,,,,,,,,,,,,,,,,,,,,,,,,,,,,,,,,,,,,,,,,,,,,,,,,,,,,,,,,,,,,,,,,,,,,,,,,,,,,,,,,,,,,,,,,,,,,,,,,,,,,,,,,,,,,,,,,,,,,,,,
,,"b  Total Australia - for 1868, 1871 and 1876, includes New Zealand (as part of Australasia); for 1901, a total of 6,670 Aboriginal persons were counted separately and not included in the figures - would only include those in the settled districts; before 1971, censuses exclude full-blood Aboriginal people; for 1971, disaggregation by state and territory not published; before 1981, includes not stated; for 1986 and 1991, includes persons born at sea; for 1996, 2001 and 2006, count basis was 2,640,567, 2,786,286 and 2,982,381 respectively.",,,,,,,,,,,,,,,,,,,,,,,,,,,,,,,,,,,,,,,,,,,,,,,,,,,,,,,,,,,,,,,,,,,,,,,,,,,,,,,,,,,,,,,,,,,,,,,,,,,,,,,,,,,,,,,,,,,,,,,,,,,,,,,,,,,,,,,,,,,,,,,,,,,,,,,,,,,,,,,,,,,,,,,,,,,,,,,,,,,,,,,,,,,,,,,,,,,,,,,,,,,,,,,,,,,,,
,,"c  For 1996, Kiribati (97) and Tuvalu (15); for 2001, Kiribati (117) and Tuvalu (39); for 2006, Kiribati (121) and Tuvalu (70).",,,,,,,,,,,,,,,,,,,,,,,,,,,,,,,,,,,,,,,,,,,,,,,,,,,,,,,,,,,,,,,,,,,,,,,,,,,,,,,,,,,,,,,,,,,,,,,,,,,,,,,,,,,,,,,,,,,,,,,,,,,,,,,,,,,,,,,,,,,,,,,,,,,,,,,,,,,,,,,,,,,,,,,,,,,,,,,,,,,,,,,,,,,,,,,,,,,,,,,,,,,,,,,,,,,,,
,,"d  New Zealand - for 1868, 1871 and 1876, included with Australia (as part of Australasia).",,,,,,,,,,,,,,,,,,,,,,,,,,,,,,,,,,,,,,,,,,,,,,,,,,,,,,,,,,,,,,,,,,,,,,,,,,,,,,,,,,,,,,,,,,,,,,,,,,,,,,,,,,,,,,,,,,,,,,,,,,,,,,,,,,,,,,,,,,,,,,,,,,,,,,,,,,,,,,,,,,,,,,,,,,,,,,,,,,,,,,,,,,,,,,,,,,,,,,,,,,,,,,,,,,,,,
,,"e  Papua New Guinea - before 1947, refers to the separate territories of Papua and New Guinea; for 1971, Australian External Territories, which would mainly (nearly all?) be Papua New Guinea.",,,,,,,,,,,,,,,,,,,,,,,,,,,,,,,,,,,,,,,,,,,,,,,,,,,,,,,,,,,,,,,,,,,,,,,,,,,,,,,,,,,,,,,,,,,,,,,,,,,,,,,,,,,,,,,,,,,,,,,,,,,,,,,,,,,,,,,,,,,,,,,,,,,,,,,,,,,,,,,,,,,,,,,,,,,,,,,,,,,,,,,,,,,,,,,,,,,,,,,,,,,,,,,,,,,,,
,,"f  Samoa - for 1996, 2001 and 2006, includes American Samoa (25, 56 and 76 respectively).",,,,,,,,,,,,,,,,,,,,,,,,,,,,,,,,,,,,,,,,,,,,,,,,,,,,,,,,,,,,,,,,,,,,,,,,,,,,,,,,,,,,,,,,,,,,,,,,,,,,,,,,,,,,,,,,,,,,,,,,,,,,,,,,,,,,,,,,,,,,,,,,,,,,,,,,,,,,,,,,,,,,,,,,,,,,,,,,,,,,,,,,,,,,,,,,,,,,,,,,,,,,,,,,,,,,,
,,"g  Other Oceania / Pacific Islands / Polynesia - for 1868, 1871, 1876, 1881, 1886 and 1891, Polynesian, and includes 7, 81, 170, 396, 964 and 781 females respectively; for 1881, 1886, 1891 and 1901, includes 48, 101, 95 and 49 born of white parents respectively; for 1901, South Sea Is. so described (8,809) and Other Polynesian British Possessions (6), including 431 females; for 1911, British Polynesia undefined (1), Fanning Is (1), Gilbert Is (1), Raratonga (1), Santa Cruz Is (3), Savage Is (4), Caroline Is (2), Low Archipelago (5), Polynesia undefined (153), Society Is (1) and South Sea Is. so described (490); for 1921, Other British Islands (257), Society Islands (6) and Other Polynesian Islands (6); for 1933, Other British Possessions in Polynesia (122), Society Islands (5) and Other Polynesian Islands (170); for 1947, Other British Possessions in Polynesia (35), Society Islands (9) and Other Polynesian Islands (9); from 1954, not disaggregated, except sometimes for Other Commonwealth and Other; for 2001, Polynesia nec (15); for 2001, Marshall Islands (11), Micronesia nfd (16).",,,,,,,,,,,,,,,,,,,,,,,,,,,,,,,,,,,,,,,,,,,,,,,,,,,,,,,,,,,,,,,,,,,,,,,,,,,,,,,,,,,,,,,,,,,,,,,,,,,,,,,,,,,,,,,,,,,,,,,,,,,,,,,,,,,,,,,,,,,,,,,,,,,,,,,,,,,,,,,,,,,,,,,,,,,,,,,,,,,,,,,,,,,,,,,,,,,,,,,,,,,,,,,,,,,,,
,,"h  Totals for Oceania, Europe, Asia, North America, South America and Africa - for 1991, figures would be lower than actual as countries in all continents would be included in the published figure of 'Other' (34,959), which also includes inadequately described, at sea and not elsewhere classified.",,,,,,,,,,,,,,,,,,,,,,,,,,,,,,,,,,,,,,,,,,,,,,,,,,,,,,,,,,,,,,,,,,,,,,,,,,,,,,,,,,,,,,,,,,,,,,,,,,,,,,,,,,,,,,,,,,,,,,,,,,,,,,,,,,,,,,,,,,,,,,,,,,,,,,,,,,,,,,,,,,,,,,,,,,,,,,,,,,,,,,,,,,,,,,,,,,,,,,,,,,,,,,,,,,,,,
,,"i  England - for 1976, 1981 and 1986, England including UK undefined.",,,,,,,,,,,,,,,,,,,,,,,,,,,,,,,,,,,,,,,,,,,,,,,,,,,,,,,,,,,,,,,,,,,,,,,,,,,,,,,,,,,,,,,,,,,,,,,,,,,,,,,,,,,,,,,,,,,,,,,,,,,,,,,,,,,,,,,,,,,,,,,,,,,,,,,,,,,,,,,,,,,,,,,,,,,,,,,,,,,,,,,,,,,,,,,,,,,,,,,,,,,,,,,,,,,,,
,,"j  Ireland - from 1947, Ireland undefined; for 1976 to 2001, Eire / Republic of Ireland including Ireland undefined, which may be mainly Ireland undefined.",,,,,,,,,,,,,,,,,,,,,,,,,,,,,,,,,,,,,,,,,,,,,,,,,,,,,,,,,,,,,,,,,,,,,,,,,,,,,,,,,,,,,,,,,,,,,,,,,,,,,,,,,,,,,,,,,,,,,,,,,,,,,,,,,,,,,,,,,,,,,,,,,,,,,,,,,,,,,,,,,,,,,,,,,,,,,,,,,,,,,,,,,,,,,,,,,,,,,,,,,,,,,,,,,,,,,
,,k  Northern Ireland existed from 1921 but separate figures available only from 1947.,,,,,,,,,,,,,,,,,,,,,,,,,,,,,,,,,,,,,,,,,,,,,,,,,,,,,,,,,,,,,,,,,,,,,,,,,,,,,,,,,,,,,,,,,,,,,,,,,,,,,,,,,,,,,,,,,,,,,,,,,,,,,,,,,,,,,,,,,,,,,,,,,,,,,,,,,,,,,,,,,,,,,,,,,,,,,,,,,,,,,,,,,,,,,,,,,,,,,,,,,,,,,,,,,,,,,
,,l  Republic of Ireland existed from 1921 but separate figures available only from 1947.,,,,,,,,,,,,,,,,,,,,,,,,,,,,,,,,,,,,,,,,,,,,,,,,,,,,,,,,,,,,,,,,,,,,,,,,,,,,,,,,,,,,,,,,,,,,,,,,,,,,,,,,,,,,,,,,,,,,,,,,,,,,,,,,,,,,,,,,,,,,,,,,,,,,,,,,,,,,,,,,,,,,,,,,,,,,,,,,,,,,,,,,,,,,,,,,,,,,,,,,,,,,,,,,,,,,,
,,"m  United Kingdom (England, Scotland, Wales and Northern Ireland) - for 1991, disaggregation not published.",,,,,,,,,,,,,,,,,,,,,,,,,,,,,,,,,,,,,,,,,,,,,,,,,,,,,,,,,,,,,,,,,,,,,,,,,,,,,,,,,,,,,,,,,,,,,,,,,,,,,,,,,,,,,,,,,,,,,,,,,,,,,,,,,,,,,,,,,,,,,,,,,,,,,,,,,,,,,,,,,,,,,,,,,,,,,,,,,,,,,,,,,,,,,,,,,,,,,,,,,,,,,,,,,,,,,
,,"n  United Kingdom, not stated - for 1886 and 1891, British subjects, birthplace not stated; for 1996, 2001 and 2006, United Kingdom nfd.",,,,,,,,,,,,,,,,,,,,,,,,,,,,,,,,,,,,,,,,,,,,,,,,,,,,,,,,,,,,,,,,,,,,,,,,,,,,,,,,,,,,,,,,,,,,,,,,,,,,,,,,,,,,,,,,,,,,,,,,,,,,,,,,,,,,,,,,,,,,,,,,,,,,,,,,,,,,,,,,,,,,,,,,,,,,,,,,,,,,,,,,,,,,,,,,,,,,,,,,,,,,,,,,,,,,,
,,"o  Austria - for 1901 and 1911, Austria-Hungary.",,,,,,,,,,,,,,,,,,,,,,,,,,,,,,,,,,,,,,,,,,,,,,,,,,,,,,,,,,,,,,,,,,,,,,,,,,,,,,,,,,,,,,,,,,,,,,,,,,,,,,,,,,,,,,,,,,,,,,,,,,,,,,,,,,,,,,,,,,,,,,,,,,,,,,,,,,,,,,,,,,,,,,,,,,,,,,,,,,,,,,,,,,,,,,,,,,,,,,,,,,,,,,,,,,,,,
,,"p  Bosnia and Herzegovina, Croatia, Macedonia, and Slovenia - before 1996, part of Yugoslavia; Montenegro included as part of Yugoslavia before 2006.",,,,,,,,,,,,,,,,,,,,,,,,,,,,,,,,,,,,,,,,,,,,,,,,,,,,,,,,,,,,,,,,,,,,,,,,,,,,,,,,,,,,,,,,,,,,,,,,,,,,,,,,,,,,,,,,,,,,,,,,,,,,,,,,,,,,,,,,,,,,,,,,,,,,,,,,,,,,,,,,,,,,,,,,,,,,,,,,,,,,,,,,,,,,,,,,,,,,,,,,,,,,,,,,,,,,,
,,"q  Czech Republic and Slovakia - before 1996, part of Czechoslovakia.",,,,,,,,,,,,,,,,,,,,,,,,,,,,,,,,,,,,,,,,,,,,,,,,,,,,,,,,,,,,,,,,,,,,,,,,,,,,,,,,,,,,,,,,,,,,,,,,,,,,,,,,,,,,,,,,,,,,,,,,,,,,,,,,,,,,,,,,,,,,,,,,,,,,,,,,,,,,,,,,,,,,,,,,,,,,,,,,,,,,,,,,,,,,,,,,,,,,,,,,,,,,,,,,,,,,,
,,"r  Czechoslovakia - became Czech Republic and Slovakia in 1993; for 1996, Former Czechoslovakia nfd.",,,,,,,,,,,,,,,,,,,,,,,,,,,,,,,,,,,,,,,,,,,,,,,,,,,,,,,,,,,,,,,,,,,,,,,,,,,,,,,,,,,,,,,,,,,,,,,,,,,,,,,,,,,,,,,,,,,,,,,,,,,,,,,,,,,,,,,,,,,,,,,,,,,,,,,,,,,,,,,,,,,,,,,,,,,,,,,,,,,,,,,,,,,,,,,,,,,,,,,,,,,,,,,,,,,,,
,,"s  Germany - for 1954 to 1986, East and West Germany.",,,,,,,,,,,,,,,,,,,,,,,,,,,,,,,,,,,,,,,,,,,,,,,,,,,,,,,,,,,,,,,,,,,,,,,,,,,,,,,,,,,,,,,,,,,,,,,,,,,,,,,,,,,,,,,,,,,,,,,,,,,,,,,,,,,,,,,,,,,,,,,,,,,,,,,,,,,,,,,,,,,,,,,,,,,,,,,,,,,,,,,,,,,,,,,,,,,,,,,,,,,,,,,,,,,,,
,,"t  Hungary - to 1911, included as part of Austria-Hungary.",,,,,,,,,,,,,,,,,,,,,,,,,,,,,,,,,,,,,,,,,,,,,,,,,,,,,,,,,,,,,,,,,,,,,,,,,,,,,,,,,,,,,,,,,,,,,,,,,,,,,,,,,,,,,,,,,,,,,,,,,,,,,,,,,,,,,,,,,,,,,,,,,,,,,,,,,,,,,,,,,,,,,,,,,,,,,,,,,,,,,,,,,,,,,,,,,,,,,,,,,,,,,,,,,,,,,
,,"u  Norway - to 1901, included under Sweden & Norway.",,,,,,,,,,,,,,,,,,,,,,,,,,,,,,,,,,,,,,,,,,,,,,,,,,,,,,,,,,,,,,,,,,,,,,,,,,,,,,,,,,,,,,,,,,,,,,,,,,,,,,,,,,,,,,,,,,,,,,,,,,,,,,,,,,,,,,,,,,,,,,,,,,,,,,,,,,,,,,,,,,,,,,,,,,,,,,,,,,,,,,,,,,,,,,,,,,,,,,,,,,,,,,,,,,,,,
,,"v  Russia - for 1954 to 1991, Other USSR / USSR nei but not including Ukraine; for 1966, USSR nei, but including Ukraine; for 1996 and 2001, Russian Federation.",,,,,,,,,,,,,,,,,,,,,,,,,,,,,,,,,,,,,,,,,,,,,,,,,,,,,,,,,,,,,,,,,,,,,,,,,,,,,,,,,,,,,,,,,,,,,,,,,,,,,,,,,,,,,,,,,,,,,,,,,,,,,,,,,,,,,,,,,,,,,,,,,,,,,,,,,,,,,,,,,,,,,,,,,,,,,,,,,,,,,,,,,,,,,,,,,,,,,,,,,,,,,,,,,,,,,
,,"w  Serbia - from 1921 to 2001, recorded as part of Yugoslavia.",,,,,,,,,,,,,,,,,,,,,,,,,,,,,,,,,,,,,,,,,,,,,,,,,,,,,,,,,,,,,,,,,,,,,,,,,,,,,,,,,,,,,,,,,,,,,,,,,,,,,,,,,,,,,,,,,,,,,,,,,,,,,,,,,,,,,,,,,,,,,,,,,,,,,,,,,,,,,,,,,,,,,,,,,,,,,,,,,,,,,,,,,,,,,,,,,,,,,,,,,,,,,,,,,,,,,
,,"x  Sweden - to 1901, included under Sweden & Norway.",,,,,,,,,,,,,,,,,,,,,,,,,,,,,,,,,,,,,,,,,,,,,,,,,,,,,,,,,,,,,,,,,,,,,,,,,,,,,,,,,,,,,,,,,,,,,,,,,,,,,,,,,,,,,,,,,,,,,,,,,,,,,,,,,,,,,,,,,,,,,,,,,,,,,,,,,,,,,,,,,,,,,,,,,,,,,,,,,,,,,,,,,,,,,,,,,,,,,,,,,,,,,,,,,,,,,
,,"y  Ukraine - for 1966, included with Russia (USSR)",,,,,,,,,,,,,,,,,,,,,,,,,,,,,,,,,,,,,,,,,,,,,,,,,,,,,,,,,,,,,,,,,,,,,,,,,,,,,,,,,,,,,,,,,,,,,,,,,,,,,,,,,,,,,,,,,,,,,,,,,,,,,,,,,,,,,,,,,,,,,,,,,,,,,,,,,,,,,,,,,,,,,,,,,,,,,,,,,,,,,,,,,,,,,,,,,,,,,,,,,,,,,,,,,,,,,
,,"z  Yugoslavia - for 1996 and 2001, Federal Republic of Yugoslavia, including Former Yugoslavia nfd.",,,,,,,,,,,,,,,,,,,,,,,,,,,,,,,,,,,,,,,,,,,,,,,,,,,,,,,,,,,,,,,,,,,,,,,,,,,,,,,,,,,,,,,,,,,,,,,,,,,,,,,,,,,,,,,,,,,,,,,,,,,,,,,,,,,,,,,,,,,,,,,,,,,,,,,,,,,,,,,,,,,,,,,,,,,,,,,,,,,,,,,,,,,,,,,,,,,,,,,,,,,,,,,,,,,,,
,,"aa  Other Europe - not disaggregated by country, except for 1911, which consisted of Azores (1), Crete (2) and Europe undefined (6); for 1996, Eastern Europe nfd (138); for 2001, Eastern Europe nfd (904) and South Eastern Europe nfd (353); for 2006, Eastern Europe nfd (829), Faeroe Islands (12) and South Eastern Europe nfd (3,932).",,,,,,,,,,,,,,,,,,,,,,,,,,,,,,,,,,,,,,,,,,,,,,,,,,,,,,,,,,,,,,,,,,,,,,,,,,,,,,,,,,,,,,,,,,,,,,,,,,,,,,,,,,,,,,,,,,,,,,,,,,,,,,,,,,,,,,,,,,,,,,,,,,,,,,,,,,,,,,,,,,,,,,,,,,,,,,,,,,,,,,,,,,,,,,,,,,,,,,,,,,,,,,,,,,,,,
,,"ab  Cambodia - for 1971, included with Vietnam.",,,,,,,,,,,,,,,,,,,,,,,,,,,,,,,,,,,,,,,,,,,,,,,,,,,,,,,,,,,,,,,,,,,,,,,,,,,,,,,,,,,,,,,,,,,,,,,,,,,,,,,,,,,,,,,,,,,,,,,,,,,,,,,,,,,,,,,,,,,,,,,,,,,,,,,,,,,,,,,,,,,,,,,,,,,,,,,,,,,,,,,,,,,,,,,,,,,,,,,,,,,,,,,,,,,,,
,,"ac  China - For 1861, 1864, 1868, 1871, 1876, 1881, 1886, 1891, 1901, 1911, 1921 and 1933, includes 1, 0, 8, 1, 13, 29, 44, 41, 106, 80, 81 and 140 females respectively; for 1871 and 1876, includes Japan; for 1881, 1886, 1891 and 1901, includes 24, 28, 32 and 27 persons born of white parents respectively; more recent figures exclude Special Administrative Regions and Taiwan.",,,,,,,,,,,,,,,,,,,,,,,,,,,,,,,,,,,,,,,,,,,,,,,,,,,,,,,,,,,,,,,,,,,,,,,,,,,,,,,,,,,,,,,,,,,,,,,,,,,,,,,,,,,,,,,,,,,,,,,,,,,,,,,,,,,,,,,,,,,,,,,,,,,,,,,,,,,,,,,,,,,,,,,,,,,,,,,,,,,,,,,,,,,,,,,,,,,,,,,,,,,,,,,,,,,,,
,,"ad  India - for 1868, includes Other British Dominions; for 1881, 1886, 1891 and 1901, includes 315, 539, 552 and 445 persons born of white parents respectively; for 1901, 1911, 1921, 1933 and 1947, British India; for 1947, includes Ceylon (now Sri Lanka).",,,,,,,,,,,,,,,,,,,,,,,,,,,,,,,,,,,,,,,,,,,,,,,,,,,,,,,,,,,,,,,,,,,,,,,,,,,,,,,,,,,,,,,,,,,,,,,,,,,,,,,,,,,,,,,,,,,,,,,,,,,,,,,,,,,,,,,,,,,,,,,,,,,,,,,,,,,,,,,,,,,,,,,,,,,,,,,,,,,,,,,,,,,,,,,,,,,,,,,,,,,,,,,,,,,,,
,,"ae  Indonesia - for 1911, the areas that later made up Indonesia: Java (304), Amboina (1), Banda Is (2), Borneo (2), Celebes (4), Dutch East Indies undefined (4), Sumatra (4) and Timor (2); for 1921 and 1933, Java (including 1 from Timor in 1933), with other areas probably included in Other Countries in Asia; for 1947, Netherlands East Indies (154) and Timor (19).",,,,,,,,,,,,,,,,,,,,,,,,,,,,,,,,,,,,,,,,,,,,,,,,,,,,,,,,,,,,,,,,,,,,,,,,,,,,,,,,,,,,,,,,,,,,,,,,,,,,,,,,,,,,,,,,,,,,,,,,,,,,,,,,,,,,,,,,,,,,,,,,,,,,,,,,,,,,,,,,,,,,,,,,,,,,,,,,,,,,,,,,,,,,,,,,,,,,,,,,,,,,,,,,,,,,,
,,"af  Iran - for 1971, includes Iraq.",,,,,,,,,,,,,,,,,,,,,,,,,,,,,,,,,,,,,,,,,,,,,,,,,,,,,,,,,,,,,,,,,,,,,,,,,,,,,,,,,,,,,,,,,,,,,,,,,,,,,,,,,,,,,,,,,,,,,,,,,,,,,,,,,,,,,,,,,,,,,,,,,,,,,,,,,,,,,,,,,,,,,,,,,,,,,,,,,,,,,,,,,,,,,,,,,,,,,,,,,,,,,,,,,,,,,
,,"ag  Japan - for 1886, 1891 and 1901, includes 1, 0 and 2 persons respectively born of white parents; for 1901, 1911, 1921 and 1933, includes 144, 65, 43 and 26 females respectively.",,,,,,,,,,,,,,,,,,,,,,,,,,,,,,,,,,,,,,,,,,,,,,,,,,,,,,,,,,,,,,,,,,,,,,,,,,,,,,,,,,,,,,,,,,,,,,,,,,,,,,,,,,,,,,,,,,,,,,,,,,,,,,,,,,,,,,,,,,,,,,,,,,,,,,,,,,,,,,,,,,,,,,,,,,,,,,,,,,,,,,,,,,,,,,,,,,,,,,,,,,,,,,,,,,,,,
,,"ah  Korea - from 1971 to 1986, includes North Korea.",,,,,,,,,,,,,,,,,,,,,,,,,,,,,,,,,,,,,,,,,,,,,,,,,,,,,,,,,,,,,,,,,,,,,,,,,,,,,,,,,,,,,,,,,,,,,,,,,,,,,,,,,,,,,,,,,,,,,,,,,,,,,,,,,,,,,,,,,,,,,,,,,,,,,,,,,,,,,,,,,,,,,,,,,,,,,,,,,,,,,,,,,,,,,,,,,,,,,,,,,,,,,,,,,,,,,
,,"ai  Laos - for 1971, included with Vietnam.",,,,,,,,,,,,,,,,,,,,,,,,,,,,,,,,,,,,,,,,,,,,,,,,,,,,,,,,,,,,,,,,,,,,,,,,,,,,,,,,,,,,,,,,,,,,,,,,,,,,,,,,,,,,,,,,,,,,,,,,,,,,,,,,,,,,,,,,,,,,,,,,,,,,,,,,,,,,,,,,,,,,,,,,,,,,,,,,,,,,,,,,,,,,,,,,,,,,,,,,,,,,,,,,,,,,,
,,"aj  Lebanon - for 1947, included with Syria.",,,,,,,,,,,,,,,,,,,,,,,,,,,,,,,,,,,,,,,,,,,,,,,,,,,,,,,,,,,,,,,,,,,,,,,,,,,,,,,,,,,,,,,,,,,,,,,,,,,,,,,,,,,,,,,,,,,,,,,,,,,,,,,,,,,,,,,,,,,,,,,,,,,,,,,,,,,,,,,,,,,,,,,,,,,,,,,,,,,,,,,,,,,,,,,,,,,,,,,,,,,,,,,,,,,,,
,,"ak  Malaysia - for 1886, 1891 and 1901, Malay Peninsula and Archipelago (plus Straits Settlements, which include Singapore, for 1901), and 55, 79 and 31 females respectively; for 1911, 1921 and 1933, Straits Settlements and Federated Malay States; for 1947, Malaya nei and Straits Settlements.",,,,,,,,,,,,,,,,,,,,,,,,,,,,,,,,,,,,,,,,,,,,,,,,,,,,,,,,,,,,,,,,,,,,,,,,,,,,,,,,,,,,,,,,,,,,,,,,,,,,,,,,,,,,,,,,,,,,,,,,,,,,,,,,,,,,,,,,,,,,,,,,,,,,,,,,,,,,,,,,,,,,,,,,,,,,,,,,,,,,,,,,,,,,,,,,,,,,,,,,,,,,,,,,,,,,,
,,"al  Saudi Arabia - from 1971, see 'Other Asia' column and footnote. ",,,,,,,,,,,,,,,,,,,,,,,,,,,,,,,,,,,,,,,,,,,,,,,,,,,,,,,,,,,,,,,,,,,,,,,,,,,,,,,,,,,,,,,,,,,,,,,,,,,,,,,,,,,,,,,,,,,,,,,,,,,,,,,,,,,,,,,,,,,,,,,,,,,,,,,,,,,,,,,,,,,,,,,,,,,,,,,,,,,,,,,,,,,,,,,,,,,,,,,,,,,,,,,,,,,,,
,,"am  Sri Lanka - for 1947, included with India.",,,,,,,,,,,,,,,,,,,,,,,,,,,,,,,,,,,,,,,,,,,,,,,,,,,,,,,,,,,,,,,,,,,,,,,,,,,,,,,,,,,,,,,,,,,,,,,,,,,,,,,,,,,,,,,,,,,,,,,,,,,,,,,,,,,,,,,,,,,,,,,,,,,,,,,,,,,,,,,,,,,,,,,,,,,,,,,,,,,,,,,,,,,,,,,,,,,,,,,,,,,,,,,,,,,,,
,,"an  Syria - before WWII, Syria often meant Greater Syria and included Lebanon, Israel, Palestine, Jordan and southern Turkey; for 1947, includes Lebanon.",,,,,,,,,,,,,,,,,,,,,,,,,,,,,,,,,,,,,,,,,,,,,,,,,,,,,,,,,,,,,,,,,,,,,,,,,,,,,,,,,,,,,,,,,,,,,,,,,,,,,,,,,,,,,,,,,,,,,,,,,,,,,,,,,,,,,,,,,,,,,,,,,,,,,,,,,,,,,,,,,,,,,,,,,,,,,,,,,,,,,,,,,,,,,,,,,,,,,,,,,,,,,,,,,,,,,
,,"ao  Vietnam - for 1971, includes Cambodia and Laos.",,,,,,,,,,,,,,,,,,,,,,,,,,,,,,,,,,,,,,,,,,,,,,,,,,,,,,,,,,,,,,,,,,,,,,,,,,,,,,,,,,,,,,,,,,,,,,,,,,,,,,,,,,,,,,,,,,,,,,,,,,,,,,,,,,,,,,,,,,,,,,,,,,,,,,,,,,,,,,,,,,,,,,,,,,,,,,,,,,,,,,,,,,,,,,,,,,,,,,,,,,,,,,,,,,,,,
,,"ap  Other Asia - not disaggregated by country, except for 1911 which consists of Asia Minor (5), Siberia (4) and Asia undefined (3), and also Aden (4); for 1971, includes 'Jordan, Kuwait, Oman, Saudi Arabia, Yemen' (68); for 1976, includes 'Muscat, Saudi Arabia' (89); for 1981, includes 'Bahrain, Jordan, Kuwait, Muscat and Oman, Qatar, Saudi Arabia, Yemen' (126); for 1986, other Southern Asia (Afghanistan, Bhutan, Nepal, Maldives) (139) and Other Western Asia (170); for 1996, Middle East nfd (19); for 2001, Maritime South East Asia nfd (45), Middle East nfd (11) and Southern Asia nfd (11); for 2006, Armenia (24), Azerbaijan (20), Bhutan (13), Georgia (11), Maritime South East Asia nfd (24), South-East Asia nfd (27) and Uzbekistan (39).",,,,,,,,,,,,,,,,,,,,,,,,,,,,,,,,,,,,,,,,,,,,,,,,,,,,,,,,,,,,,,,,,,,,,,,,,,,,,,,,,,,,,,,,,,,,,,,,,,,,,,,,,,,,,,,,,,,,,,,,,,,,,,,,,,,,,,,,,,,,,,,,,,,,,,,,,,,,,,,,,,,,,,,,,,,,,,,,,,,,,,,,,,,,,,,,,,,,,,,,,,,,,,,,,,,,,
,,"aq  Canada - to 1881, 'British America'; from 1886, Canada; for 1901, 1911, 1921, 1933 and 1947, includes Newfoundland which became part of Canada in 1949 (17, 22, 13, 10 and 8 respectively).",,,,,,,,,,,,,,,,,,,,,,,,,,,,,,,,,,,,,,,,,,,,,,,,,,,,,,,,,,,,,,,,,,,,,,,,,,,,,,,,,,,,,,,,,,,,,,,,,,,,,,,,,,,,,,,,,,,,,,,,,,,,,,,,,,,,,,,,,,,,,,,,,,,,,,,,,,,,,,,,,,,,,,,,,,,,,,,,,,,,,,,,,,,,,,,,,,,,,,,,,,,,,,,,,,,,,
,,"ar  El Salvador - to 1981, included in Other North America column.",,,,,,,,,,,,,,,,,,,,,,,,,,,,,,,,,,,,,,,,,,,,,,,,,,,,,,,,,,,,,,,,,,,,,,,,,,,,,,,,,,,,,,,,,,,,,,,,,,,,,,,,,,,,,,,,,,,,,,,,,,,,,,,,,,,,,,,,,,,,,,,,,,,,,,,,,,,,,,,,,,,,,,,,,,,,,,,,,,,,,,,,,,,,,,,,,,,,,,,,,,,,,,,,,,,,,
,,"as  United States of America - for 1947 and 1954, includes Hawaiian Islands / Hawaii which became part of the US in 1959 (4 in both years).",,,,,,,,,,,,,,,,,,,,,,,,,,,,,,,,,,,,,,,,,,,,,,,,,,,,,,,,,,,,,,,,,,,,,,,,,,,,,,,,,,,,,,,,,,,,,,,,,,,,,,,,,,,,,,,,,,,,,,,,,,,,,,,,,,,,,,,,,,,,,,,,,,,,,,,,,,,,,,,,,,,,,,,,,,,,,,,,,,,,,,,,,,,,,,,,,,,,,,,,,,,,,,,,,,,,,
,,"at  West Indies / Caribbean - for 1901, Barbados (5) and Jamaica (39), although other West Indies countries would be included in Other North America; for 1911, Antigua (5), Bahamas (1), Barbados (8), British West Indies undefined (6), Jamaica (40), St Lucia (4), St Vincent (5), Trinidad (5), St Thomas (2), San Domingo (1) and West Indies undefined (39); for 1921, Barbados (6), British West Indies nei (39), Jamaica (26), West Indies nei (11); for 1933, Barbados (6), British West Indies nei (15), Jamaica (20), West Indies nei (19); for 1947, Barbados (4), British West Indies nei (13), Jamaica (15) and West Indies nei (8); for 1954, British West Indies (41) and West Indies nei (11); for 1961 and 1966, West Indies Federation; for 1971, 1976, 1981 and 1986, Commonwealth Countries of the West Indies and Caribbean; for 1996, Bahamas (40), Barbados (141), Caribbean nfd (88), Grenada (27), Jamaica (191), Martinique (11), Netherlands Antilles (36) and Trinidad and Tobago (268); for 2001, Bahamas (43), Barbados (134), Caribbean nfd (79), Dominican Republic (14), Grenada (38), Jamaica (193), Martinique (14), Netherlands Antilles (35), Puerto Rico (10), St Vincent and the Grenadines (10) and Trinidad and Tobago (286); for 2006, Aruba (12), Bahamas (46), Barbados (147), Caribbean, nfd (74), Cayman Islands (11), Dominican Republic (22), Grenada (32), Haiti (14), Jamaica (232), Martinique (12), Netherlands Antilles (48), Puerto Rico (18), St Kitts and Nevis (10) and Trinidad and Tobago (317).",,,,,,,,,,,,,,,,,,,,,,,,,,,,,,,,,,,,,,,,,,,,,,,,,,,,,,,,,,,,,,,,,,,,,,,,,,,,,,,,,,,,,,,,,,,,,,,,,,,,,,,,,,,,,,,,,,,,,,,,,,,,,,,,,,,,,,,,,,,,,,,,,,,,,,,,,,,,,,,,,,,,,,,,,,,,,,,,,,,,,,,,,,,,,,,,,,,,,,,,,,,,,,,,,,,,,
,,"au  Other North America - to 1891, Other States in America, and includes those in South America; for 1901, Other American British Possessions (156) and Other American Countries (98), and may include some in South America; for 1921, 1933 and 1947, Other British Possessions in America and Other Countries in America, which may include some in South America; from 1954, not disaggregated by country; for 1971, Other Countries in North and South America (185) and Other Countries in Central America (95); for 1976, Other Commonwealth Countries in America (76) and America - Other Countries (572) and may include some in South America; for 1981, America nei, and may include some in South America; for 1996, Belize (11); for 2001, Belize (10), Central America nfd (12) and Northern America nfd (13); for 2006, Greenland (11) and Northern America nfd (23).",,,,,,,,,,,,,,,,,,,,,,,,,,,,,,,,,,,,,,,,,,,,,,,,,,,,,,,,,,,,,,,,,,,,,,,,,,,,,,,,,,,,,,,,,,,,,,,,,,,,,,,,,,,,,,,,,,,,,,,,,,,,,,,,,,,,,,,,,,,,,,,,,,,,,,,,,,,,,,,,,,,,,,,,,,,,,,,,,,,,,,,,,,,,,,,,,,,,,,,,,,,,,,,,,,,,,
,,"av  Other South America - for 1911, Falkland Is (5) and South America undefined (38); from 1954 to 1966, not disaggregated by country; for various years, some may be included in the Other North America column as Other American Countries etc (see relevant footnote); for 2001, South America nec (96); for 2006, South America nec (137).",,,,,,,,,,,,,,,,,,,,,,,,,,,,,,,,,,,,,,,,,,,,,,,,,,,,,,,,,,,,,,,,,,,,,,,,,,,,,,,,,,,,,,,,,,,,,,,,,,,,,,,,,,,,,,,,,,,,,,,,,,,,,,,,,,,,,,,,,,,,,,,,,,,,,,,,,,,,,,,,,,,,,,,,,,,,,,,,,,,,,,,,,,,,,,,,,,,,,,,,,,,,,,,,,,,,,
,,"aw  Total South America - for 1901, 1921 and 1933, the undisaggregated category Other American Countries has been put in the Other North America column but may include some South American countries.",,,,,,,,,,,,,,,,,,,,,,,,,,,,,,,,,,,,,,,,,,,,,,,,,,,,,,,,,,,,,,,,,,,,,,,,,,,,,,,,,,,,,,,,,,,,,,,,,,,,,,,,,,,,,,,,,,,,,,,,,,,,,,,,,,,,,,,,,,,,,,,,,,,,,,,,,,,,,,,,,,,,,,,,,,,,,,,,,,,,,,,,,,,,,,,,,,,,,,,,,,,,,,,,,,,,,
,,"ax  Congo - for 1996, Democratic Republic of Congo; for 2001, Democratic Republic of Congo (51) and Republic of Congo (32); for 2006, Democratic Republic of Congo (81) and Republic of Congo (85).",,,,,,,,,,,,,,,,,,,,,,,,,,,,,,,,,,,,,,,,,,,,,,,,,,,,,,,,,,,,,,,,,,,,,,,,,,,,,,,,,,,,,,,,,,,,,,,,,,,,,,,,,,,,,,,,,,,,,,,,,,,,,,,,,,,,,,,,,,,,,,,,,,,,,,,,,,,,,,,,,,,,,,,,,,,,,,,,,,,,,,,,,,,,,,,,,,,,,,,,,,,,,,,,,,,,,
,,"ay  Egypt - for 1966, United Arab Republic.",,,,,,,,,,,,,,,,,,,,,,,,,,,,,,,,,,,,,,,,,,,,,,,,,,,,,,,,,,,,,,,,,,,,,,,,,,,,,,,,,,,,,,,,,,,,,,,,,,,,,,,,,,,,,,,,,,,,,,,,,,,,,,,,,,,,,,,,,,,,,,,,,,,,,,,,,,,,,,,,,,,,,,,,,,,,,,,,,,,,,,,,,,,,,,,,,,,,,,,,,,,,,,,,,,,,,
,,"az  Kenya - for 1976, part of 'Kenya, Malawi, Rhodesia, Tanzania, Uganda, Zambia' in Other Africa column/footnote.",,,,,,,,,,,,,,,,,,,,,,,,,,,,,,,,,,,,,,,,,,,,,,,,,,,,,,,,,,,,,,,,,,,,,,,,,,,,,,,,,,,,,,,,,,,,,,,,,,,,,,,,,,,,,,,,,,,,,,,,,,,,,,,,,,,,,,,,,,,,,,,,,,,,,,,,,,,,,,,,,,,,,,,,,,,,,,,,,,,,,,,,,,,,,,,,,,,,,,,,,,,,,,,,,,,,,
,,"ba  South Africa - for 1901, Cape of Good Hope (42), Natal (15), Transvaal (1) and South Africa undefined (127); for 1911, Cape of Good Hope (79), Natal (28), Orange Free State (3), Transvaal (36) and South Africa undefined (237).",,,,,,,,,,,,,,,,,,,,,,,,,,,,,,,,,,,,,,,,,,,,,,,,,,,,,,,,,,,,,,,,,,,,,,,,,,,,,,,,,,,,,,,,,,,,,,,,,,,,,,,,,,,,,,,,,,,,,,,,,,,,,,,,,,,,,,,,,,,,,,,,,,,,,,,,,,,,,,,,,,,,,,,,,,,,,,,,,,,,,,,,,,,,,,,,,,,,,,,,,,,,,,,,,,,,,
,,"bb  Zimbabwe - for 1971, part of 'Malawi, Rhodesia [Zimbabwe], Zambia' in Other Africa column/footnote; for 1976, part of 'Kenya, Malawi, Rhodesia, Tanzania, Uganda, Zambia' in Other Africa column/footnote.",,,,,,,,,,,,,,,,,,,,,,,,,,,,,,,,,,,,,,,,,,,,,,,,,,,,,,,,,,,,,,,,,,,,,,,,,,,,,,,,,,,,,,,,,,,,,,,,,,,,,,,,,,,,,,,,,,,,,,,,,,,,,,,,,,,,,,,,,,,,,,,,,,,,,,,,,,,,,,,,,,,,,,,,,,,,,,,,,,,,,,,,,,,,,,,,,,,,,,,,,,,,,,,,,,,,,
,,"bc  Other Africa - not disaggregated by country, except for 1911, which includes St Helena (13), Cape Verde Is (7) and Madeira (5); for 1921, includes St Helena (8), Cape Verde Islands (4), Madeira (2) and Tripoli (1); for 1933 and 1947, includes St Helena (5 and 2 respectively); for 1971, 'Kenya, Tanzania, Uganda' (512), 'Malawi, Rhodesia, Zambia' (340), Other Commonwealth Countries in Africa (141) and Other Countries in Africa (421); for 1976, 'Kenya, Malawi, Rhodesia, Tanzania, Uganda, Zambia' (1,052), Other Commonwealth Countries in Africa (103) and Africa - Other Countries (692); for 1981, includes 'Malawi, Tanzania, Uganda, Zambia' (466); for 1986, includes 'Malawi, Tanzania, Uganda, Zambia' (702); for 1996, Central and West Africa nfd (39) and Southern and East Africa nfd (123); for 2001, Central and West Africa nfd (43) and Southern and East Africa nfd (146); for 2006, Burundi (184), Central and West Africa nfd (41), Gabon (10), Gambia (27), Guinea (42), North Africa nfd (18), Rwanda (63) and Southern and East Africa nfd (114).",,,,,,,,,,,,,,,,,,,,,,,,,,,,,,,,,,,,,,,,,,,,,,,,,,,,,,,,,,,,,,,,,,,,,,,,,,,,,,,,,,,,,,,,,,,,,,,,,,,,,,,,,,,,,,,,,,,,,,,,,,,,,,,,,,,,,,,,,,,,,,,,,,,,,,,,,,,,,,,,,,,,,,,,,,,,,,,,,,,,,,,,,,,,,,,,,,,,,,,,,,,,,,,,,,,,,
,,"bd  Other - for 1864, includes Other British Dominions; for 1861, 1864 and 1868, Other Foreign Countries; for 1991, would include countries in all continents plus Oceania.",,,,,,,,,,,,,,,,,,,,,,,,,,,,,,,,,,,,,,,,,,,,,,,,,,,,,,,,,,,,,,,,,,,,,,,,,,,,,,,,,,,,,,,,,,,,,,,,,,,,,,,,,,,,,,,,,,,,,,,,,,,,,,,,,,,,,,,,,,,,,,,,,,,,,,,,,,,,,,,,,,,,,,,,,,,,,,,,,,,,,,,,,,,,,,,,,,,,,,,,,,,,,,,,,,,,,
,,"be  Born at sea - for 1881, 1886, 1891 and 1901, divided into 'British subjects' (540, 786, 807 and 619 respectively) and 'Foreign subjects' (92, 58, 25 and 15); for 1986 and 1991, included in Total Australia.",,,,,,,,,,,,,,,,,,,,,,,,,,,,,,,,,,,,,,,,,,,,,,,,,,,,,,,,,,,,,,,,,,,,,,,,,,,,,,,,,,,,,,,,,,,,,,,,,,,,,,,,,,,,,,,,,,,,,,,,,,,,,,,,,,,,,,,,,,,,,,,,,,,,,,,,,,,,,,,,,,,,,,,,,,,,,,,,,,,,,,,,,,,,,,,,,,,,,,,,,,,,,,,,,,,,,
,,"bf  Not stated - from 1933 to 1976, included in Total Australia?; for 1996 and 2001, includes inadequately described and not elsewhere classified.",,,,,,,,,,,,,,,,,,,,,,,,,,,,,,,,,,,,,,,,,,,,,,,,,,,,,,,,,,,,,,,,,,,,,,,,,,,,,,,,,,,,,,,,,,,,,,,,,,,,,,,,,,,,,,,,,,,,,,,,,,,,,,,,,,,,,,,,,,,,,,,,,,,,,,,,,,,,,,,,,,,,,,,,,,,,,,,,,,,,,,,,,,,,,,,,,,,,,,,,,,,,,,,,,,,,,
,,bg  Proportions - 'Not stated' responses excluded from calculations.,,,,,,,,,,,,,,,,,,,,,,,,,,,,,,,,,,,,,,,,,,,,,,,,,,,,,,,,,,,,,,,,,,,,,,,,,,,,,,,,,,,,,,,,,,,,,,,,,,,,,,,,,,,,,,,,,,,,,,,,,,,,,,,,,,,,,,,,,,,,,,,,,,,,,,,,,,,,,,,,,,,,,,,,,,,,,,,,,,,,,,,,,,,,,,,,,,,,,,,,,,,,,,,,,,,,,
,,,,,,,,,,,,,,,,,,,,,,,,,,,,,,,,,,,,,,,,,,,,,,,,,,,,,,,,,,,,,,,,,,,,,,,,,,,,,,,,,,,,,,,,,,,,,,,,,,,,,,,,,,,,,,,,,,,,,,,,,,,,,,,,,,,,,,,,,,,,,,,,,,,,,,,,,,,,,,,,,,,,,,,,,,,,,,,,,,,,,,,,,,,,,,,,,,,,,,,,,,,,,,,,,,,,,,,
Sources,,"Registrar-General's Office, Queensland censuses of 1861 to 1901; Australian Bureau of Statistics, Commonwealth censuses of 1911 to 1991, including 1901 in 1911 census; for 1996 and 2001, Multicultural Affairs Queensland, The People of Queensland, Statistics from the 2001 Census; for 2001 and 2006, The People of Queensland, Statistics from the 2006 Census; ABS, Australian Historical Population Statistics, 2008, cat. no. 3105.0.65.001, tables 9.3 and 9.7 - 9.22",,,,,,,,,,,,,,,,,,,,,,,,,,,,,,,,,,,,,,,,,,,,,,,,,,,,,,,,,,,,,,,,,,,,,,,,,,,,,,,,,,,,,,,,,,,,,,,,,,,,,,,,,,,,,,,,,,,,,,,,,,,,,,,,,,,,,,,,,,,,,,,,,,,,,,,,,,,,,,,,,,,,,,,,,,,,,,,,,,,,,,,,,,,,,,,,,,,,,,,,,,,,,,,,,,,,,
,,,,,,,,,,,,,,,,,,,,,,,,,,,,,,,,,,,,,,,,,,,,,,,,,,,,,,,,,,,,,,,,,,,,,,,,,,,,,,,,,,,,,,,,,,,,,,,,,,,,,,,,,,,,,,,,,,,,,,,,,,,,,,,,,,,,,,,,,,,,,,,,,,,,,,,,,,,,,,,,,,,,,,,,,,,,,,,,,,,,,,,,,,,,,,,,,,,,,,,,,,,,,,,,,,,,,,,
,,"If you believe any of the data or information in this table is incorrect or if you have additional data or information, please contact us at:",,,,,,,,,,,,,,,,,,,,,,,,,,,,,,,,,,,,,,,,,,,,,,,,,,,,,,,,,,,,,,,,,,,,,,,,,,,,,,,,,,,,,,,,,,,,,,,,,,,,,,,,,,,,,,,,,,,,,,,,,,,,,,,,,,,,,,,,,,,,,,,,,,,,,,,,,,,,,,,,,,,,,,,,,,,,,,,,,,,,,,,,,,,,,,,,,,,,,,,,,,,,,,,,,,,,,
,,oesr@treasury.qld.gov.au,,,,,,,,,,,,,,,,,,,,,,,,,,,,,,,,,,,,,,,,,,,,,,,,,,,,,,,,,,,,,,,,,,,,,,,,,,,,,,,,,,,,,,,,,,,,,,,,,,,,,,,,,,,,,,,,,,,,,,,,,,,,,,,,,,,,,,,,,,,,,,,,,,,,,,,,,,,,,,,,,,,,,,,,,,,,,,,,,,,,,,,,,,,,,,,,,,,,,,,,,,,,,,,,,,,,,
,,,,,,,,,,,,,,,,,,,,,,,,,,,,,,,,,,,,,,,,,,,,,,,,,,,,,,,,,,,,,,,,,,,,,,,,,,,,,,,,,,,,,,,,,,,,,,,,,,,,,,,,,,,,,,,,,,,,,,,,,,,,,,,,,,,,,,,,,,,,,,,,,,,,,,,,,,,,,,,,,,,,,,,,,,,,,,,,,,,,,,,,,,,,,,,,,,,,,,,,,,,,,,,,,,,,,,,
,,,,,,,,,,,,,,,,,,,,,,,,,,,,,,,,,,,,,,,,,,,,,,,,,,,,,,,,,,,,,,,,,,,,,,,,,,,,,,,,,,,,,,,,,,,,,,,,,,,,,,,,,,,,,,,,,,,,,,,,,,,,,,,,,,,,,,,,,,,,,,,,,,,,,,,,,,,,,,,,,,,,,,,,,,,,,,,,,,,,,,,,,,,,,,,,,,,,,,,,,,,,,,,,,,,,,,,
,,,,,,,,,,,,,,,,,,,,,,,,,,,,,,,,,,,,,,,,,,,,,,,,,,,,,,,,,,,,,,,,,,,,,,,,,,,,,,,,,,,,,,,,,,,,,,,,,,,,,,,,,,,,,,,,,,,,,,,,,,,,,,,,,,,,,,,,,,,,,,,,,,,,,,,,,,,,,,,,,,,,,,,,,,,,,,,,,,,,,,,,,,,,,,,,,,,,,,,,,,,,,,,,,,,,,,,
,,                   � The State of Queensland (Queensland Treasury) 2009,,,,,,,,,,,,,,,,,,,,,,,,,,,,,,,,,,,,,,,,,,,,,,,,,,,,,,,,,,,,,,,,,,,,,,,,,,,,,,,,,,,,,,,,,,,,,,,,,,,,,,,,,,,,,,,,,,,,,,,,,,,,,,,,,,,,,,,,,,,,,,,,,,,,,,,,,,,,,,,,,,,,,,,,,,,,,,,,,,,,,,,,,,,,,,,,,,,,,,,,,,,,,,,,,,,,,
,,,,,,,,,,,,,,,,,,,,,,,,,,,,,,,,,,,,,,,,,,,,,,,,,,,,,,,,,,,,,,,,,,,,,,,,,,,,,,,,,,,,,,,,,,,,,,,,,,,,,,,,,,,,,,,,,,,,,,,,,,,,,,,,,,,,,,,,,,,,,,,,,,,,,,,,,,,,,,,,,,,,,,,,,,,,,,,,,,,,,,,,,,,,,,,,,,,,,,,,,,,,,,,,,,,,,,,
,"You are free to copy, communicate and adapt the work, as long as you attribute the authors.  This document is licensed under a Creative Commons Attribution 2.5 Australia licence.",,,,,,,,,,,,,,,,,,,,,,,,,,,,,,,,,,,,,,,,,,,,,,,,,,,,,,,,,,,,,,,,,,,,,,,,,,,,,,,,,,,,,,,,,,,,,,,,,,,,,,,,,,,,,,,,,,,,,,,,,,,,,,,,,,,,,,,,,,,,,,,,,,,,,,,,,,,,,,,,,,,,,,,,,,,,,,,,,,,,,,,,,,,,,,,,,,,,,,,,,,,,,,,,,,,,,,
,"To view a copy of this licence,",,,visit http://creativecommons.org/licenses/by/2.5/au ,,,,,,,,,,,,,,,,,,,,,,,,,,,,,,,,,,,,,,,,,,,,,,,,,,,,,,,,,,,,,,,,,,,,,,,,,,,,,,,,,,,,,,,,,,,,,,,,,,,,,,,,,,,,,,,,,,,,,,,,,,,,,,,,,,,,,,,,,,,,,,,,,,,,,,,,,,,,,,,,,,,,,,,,,,,,,,,,,,,,,,,,,,,,,,,,,,,,,,,,,,,,,,,,,,,
,"Within the tables, footnotes are provided to acknowledge the original source of the material.  If you use specific data from these tables, please attribute to appropriate source organisation as copyright owner.  To attribute this spreadsheet, cite Queensland Treasury 2009, Historical Tables, Society, 1859-2008 (Q150 Release).",,,,,,,,,,,,,,,,,,,,,,,,,,,,,,,,,,,,,,,,,,,,,,,,,,,,,,,,,,,,,,,,,,,,,,,,,,,,,,,,,,,,,,,,,,,,,,,,,,,,,,,,,,,,,,,,,,,,,,,,,,,,,,,,,,,,,,,,,,,,,,,,,,,,,,,,,,,,,,,,,,,,,,,,,,,,,,,,,,,,,,,,,,,,,,,,,,,,,,,,,,,,,,,,,,,,,,
,"Disclaimer: While care has been taken in preparing these tables, the State of Queensland accepts no responsibility for decisions or actions taken as a result of the use of the information.",,,,,,,,,,,,,,,,,,,,,,,,,,,,,,,,,,,,,,,,,,,,,,,,,,,,,,,,,,,,,,,,,,,,,,,,,,,,,,,,,,,,,,,,,,,,,,,,,,,,,,,,,,,,,,,,,,,,,,,,,,,,,,,,,,,,,,,,,,,,,,,,,,,,,,,,,,,,,,,,,,,,,,,,,,,,,,,,,,,,,,,,,,,,,,,,,,,,,,,,,,,,,,,,,,,,,,
